Contraparte,Numero_Contrato,Tipo_valor,Emisora,Serie,Tasa,Titulos,Precio,Plazo,Monto_neto,Fecha_operacion
NACIONAL FINANCIERA S.N.C.,01051937,LF,BONDESF,270819,7.9700,20056497,99.718306,3,1999999905.13,25/07/25
NACIONAL FINANCIERA S.N.C.,01053182,LF,BONDESF,260528,7.9700,14331,99.96461108,3,1432592.84,25/07/25
NACIONAL FINANCIERA S.N.C.,01053182,LF,BONDESF,261001,7.9700,15399193,100.22896004,3,1543445099.85,25/07/25
NACIONAL FINANCIERA S.N.C.,01053182,LF,BONDESF,290719,7.9700,4143568,99.14480007,3,410813220.94,25/07/25
NACIONAL FINANCIERA S.N.C.,01053182,BI,CETESI,261126,7.9700,116218294,8.985754,3,1044309000.18,25/07/25
NACIONAL FINANCIERA S.N.C.,01060982,LF,BONDESF,260212,7.9700,38866,100.42259206,3,3903024.46,25/07/25
NACIONAL FINANCIERA S.N.C.,01060982,LF,BONDESF,260226,7.9700,100000,100.03693162,3,10003693.16,25/07/25
NACIONAL FINANCIERA S.N.C.,01060982,LF,BONDESF,260423,7.9700,2009,100.10263747,3,201106.2,25/07/25
NACIONAL FINANCIERA S.N.C.,01060982,LF,BONDESF,270225,7.9700,12000000,99.96881117,3,1199625734.04,25/07/25
NACIONAL FINANCIERA S.N.C.,01060982,LF,BONDESF,290719,7.9700,2887357,99.14480007,3,286266432.5,25/07/25
NACIONAL FINANCIERA S.N.C.,01063489,2U,CBIC002,300117,7.7200,2107212,955.05310503,3,2012499363.55,25/07/25
NACIONAL FINANCIERA S.N.C.,01063489,2U,CBIC004,310116,7.7200,4866322,901.43016196,3,4386649428.6,25/07/25
NACIONAL FINANCIERA S.N.C.,01065673,2U,CBIC002,300117,7.7200,3,955.05310602,3,2865.16,25/07/25
NACIONAL FINANCIERA S.N.C.,01065673,2U,CBIC004,310116,7.7200,941,901.43016196,3,848245.78,25/07/25
